{"cameraMode":{"drawMode":0,"name":"Shaded","section":"Shading Mode"},"sceneLighting":false,"audioPlay":false,"sceneViewState":{"showFog":true,"showMaterialUpdate":false,"showSkybox":false,"showFlares":true,"showImageEffects":true,"showParticleSystems":true},"in2DMode":false,"pivot":{"x":-101.04740142822266,"y":-175.7108917236328,"z":1.3100051879882813},"rotation":{"x":0.061787061393260959,"y":0.9152982831001282,"z":-0.15411266684532166,"w":0.36696332693099978},"size":1.6226658821105958,"orthographic":false}